X,Y,id,note,icon_url,Db_Export_IDScheda,Db_Export_DescStrada,Db_Export_TipiImpiantiprg_Descrizione,Db_Export_noteprg,Db_Export_NumeroTransenne,Db_Export_GruppiImpianti_Descrizione,Db_Export_NumeroFoto
12.3818836455299,44.2245059085167,"1",,./0.png,"1",VIALE ITALIA   fronte IRPINIA VIA,Segnaletica monopalo 100x20,,"0",Segnaletica direzionale privata,IMG_1175
12.3812714994861,44.2253284228258,"3",,./0.png,"3",VIALE ITALIA Fronte n.c. 364  ,Segnaletica monopalo 100x20,,"0",Segnaletica direzionale privata,IMG_1177
12.3806930234507,44.2261589851956,"4",,./0.png,"4",VIALE ITALIA   fronte LOMELLINA VIA,Segnaletica monopalo 100x20,INSTALLARE A SX DELL'INGRESSO,"0",Segnaletica direzionale privata,IMG_1178
12.3803017327542,44.2266635303424,"5",,./0.png,"5",VIALE ITALIA   fronte CASERTA VIA,Segnaletica monopalo 100x20,INSTALLARE A SX DELL'INGRESSO,"0",Segnaletica direzionale privata,IMG_1179
12.3797148823366,44.227470729148,"6",,./0.png,"6",VIALE ITALIA   fronte PUGLIE VIA,Segnaletica monopalo 100x20,,"0",Segnaletica direzionale privata,IMG_1180
12.3792007566006,44.2281942115225,"7",,./0.png,"7",VIALE ITALIA Fronte n.c. 334  ,Segnaletica monopalo 100x20,,"0",Segnaletica direzionale privata,IMG_1181
12.3757626871502,44.2328197122026,"9",,./0.png,"9",VIALE ITALIA Fronte n.c. 308  ,Segnaletica monopalo 100x20,,"0",Segnaletica direzionale privata,IMG_1183
12.3752723123464,44.2334989406009,"10",,./0.png,"10",VIALE ITALIA Fronte n.c. 302  ,Segnaletica monopalo 100x20,,"0",Segnaletica direzionale privata,IMG_1184
12.3748735829391,44.2340459172869,"11",,./0.png,"11",VIALE ITALIA    quasi fronte LAZIO VIA,Segnaletica monopalo 100x20,,"0",Segnaletica direzionale privata,IMG_1185
12.3749212185636,44.233966498955,"576",,./0.png,"576",VIALE ITALIA   fronte LAZIO  VIA,Impianto a due pali,,"0",Segnaletica direzionale privata,IMG_1889
12.3743870868941,44.2347064137423,"13",,./0.png,"13",VIALE ITALIA Fronte n.c. 286  ,Segnaletica monopalo 100x20,,"0",Segnaletica direzionale privata,IMG_1189
12.3739995212526,44.2352542129273,"14",,./0.png,"14",VIALE ITALIA Fronte n.c. 280  ,Segnaletica monopalo 100x20,,"0",Segnaletica direzionale privata,IMG_1190
12.3735581998944,44.2358794269665,"17",,./0.png,"17",VIALE ITALIA   fronte MEZZANOTTE VIA,Segnaletica monopalo 100x20,,"0",Segnaletica direzionale privata,IMG_1193
12.373470808981,44.2358437597652,"18",,./1.png,"18",VIA MEZZANOTTE   angolo ITALIA  VIALE,Transenna L160,2 ELEMENTI,"2",Transenne parapedonali,IMG_1194
12.3731282883036,44.2364931123416,"19",,./0.png,"19",VIALE ITALIA Fronte n.c. 270  ,Segnaletica monopalo 100x20,,"0",Segnaletica direzionale privata,IMG_1196
12.3726369960752,44.2372048732309,"21",,./0.png,"21",VIALE ITALIA   fronte VALSESIA VIA,Segnaletica monopalo 100x20,,"0",Segnaletica direzionale privata,IMG_1198
12.3723515194288,44.2376406325991,"23",,./0.png,"23",VIALE ITALIA   fronte VALPADANA VIA,Segnaletica monopalo 100x20,INSTALLARE A SX DELL'INGRESSO,"0",Segnaletica direzionale privata,IMG_1200
12.3719445303553,44.2382023739623,"24",,./0.png,"24",VIALE ITALIA Fronte n.c. 242  ,Segnaletica monopalo 100x20,,"0",Segnaletica direzionale privata,IMG_1201
12.3717356589328,44.2385419239792,"25",,./0.png,"25",VIALE ITALIA    quasi fronte VAL D'ARNO VIA,Segnaletica monopalo 100x20,,"0",Segnaletica direzionale privata,IMG_1202
12.3714161086471,44.2390521743262,"27",,./0.png,"27",VIALE ITALIA   fronte PIEMONTE VIA,Segnaletica monopalo 100x20,,"0",Segnaletica direzionale privata,IMG_1204
12.3714408551246,44.2390084890981,"26",,./0.png,"26",VIALE ITALIA   fronte C,Impianto a due pali,,"0",Segnaletica direzionale privata,IMG_1203
12.3709262202566,44.239739791811,"31",,./0.png,"31",VIALE ITALIA Fronte n.c. 22  ,Segnaletica monopalo 100x20,,"0",Segnaletica direzionale privata,IMG_1208
12.3707139000212,44.2400539330744,"32",,./0.png,"32",VIALE ITALIA   fronte VENEZIA GIULIA VIA,Segnaletica monopalo 100x20,,"0",Segnaletica direzionale privata,IMG_1209
12.3703452826324,44.2405900449591,"34",,./0.png,"34",VIALE ITALIA   fronte SAN MARINO VIA,Segnaletica monopalo 100x20,,"0",Segnaletica direzionale privata,IMG_1211
12.3703131876935,44.2406184698581,"35",,./0.png,"35",VIALE ITALIA   fronte SAN MARINO VIA,Impianto a due pali,,"0",Segnaletica direzionale privata,IMG_1212
12.3702052253325,44.2406873440898,"577",,./1.png,"577",VIALE ITALIA   angolo SAN MARINO  VIA,Transenna L160,3+3 ELEMENTI,"6",Transenne parapedonali,IMG_1892
12.3702360608458,44.2406471309006,"578",,./1.png,"578",VIA SAN MARINO   angolo ITALIA  VIALE,Transenna L160,3+3 ELEMENTI,"6",Transenne parapedonali,IMG_1893
12.370266351549,44.2406843476542,"579",,./1.png,"579",VIALE ITALIA   fronte SAN MARINO  VIA,Transenna L160,8 ELEMENTI,"8",Transenne parapedonali,IMG_1894
12.3700470961739,44.2410433423075,"580",,./0.png,"580",VIALE ITALIA   fronte TRENTINO,Segnaletica monopalo 100x20,,"0",Segnaletica direzionale privata,IMG_1895
12.3693336212386,44.242096994133,"38",,./0.png,"38",VIALE ITALIA Lato n.c. 177  ,Segnaletica monopalo 100x20,,"0",Segnaletica direzionale privata,IMG_1215
12.3685554605939,44.2431536866455,"40",,./2.png,"40",VIALE ITALIA Lato n.c. 168  ,Orologio 100x70,INSTALLARE LATO CORDOLO ESTERNO STRADA,"0",Orologio,IMG_1217
12.36851445124,44.2433198786619,"42",,./0.png,"42",VIALE ITALIA   fronte TOSCANA VIA,Segnaletica monopalo 100x20,,"0",Segnaletica direzionale privata,IMG_1219
12.3679320026131,44.2442622384498,"43",,./0.png,"43",VIALE EMILIA   angolo ITALIA  VIALE,Segnaletica monopalo 100x20,,"0",Segnaletica direzionale privata,IMG_1220
12.3678653452888,44.2442409817599,"581",,./1.png,"581",VIALE ITALIA   angolo EMILIA  VIALE,Transenne L160 + transenne L90,3 L160 + 2 L 90 alternate,"5",Transenne parapedonali,IMG_1896
12.3678930798922,44.2442044336881,"582",,./1.png,"582",VIALE EMILIA   angolo ITALIA  VIALE,Transenne L160 + transenne L90,3 L160 + 2 L 90 alternate,"5",Transenne parapedonali,IMG_1897
12.3673794671127,44.24520512991,"44",,./0.png,"44",VIALE ITALIA   fronte CAMPANIA VIA,Segnaletica monopalo 100x20,,"0",Segnaletica direzionale privata,IMG_1221
12.3670301344385,44.2456574811028,"583",,./0.png,"583",VIALE EMILIA   angolo LUCANIA  VIA,Impianto monopalo,,"0",Segnaletica direzionale privata,IMG_1898
12.3652763441368,44.248721662493,"584",,./1.png,"584",VIAL DE AMICIS   angolo ITALIA  VIALE,Transenna L160,8 ELEMENTI,"8",Transenne parapedonali,IMG_1899
12.3651007601651,44.2486934933915,"585",,./1.png,"585",VIAL DE AMICIS   angolo ITALIA  VIALE,Transenna L160,6 ELEMENTI,"6",Transenne parapedonali,IMG_1900
12.3652149787565,44.2485174325289,"586",,./1.png,"586",VIAL DE AMICIS   angolo ITALIA  VIALE,Transenna L160,7 ELEMENTI,"7",Transenne parapedonali,IMG_1901
12.3653507701803,44.2485741676691,"587",,./1.png,"587",VIAL DE AMICIS   Angolo ITALIA  VIALE,Transenna L160,11 ELEMENTI,"11",Transenne parapedonali,IMG_1902
12.3656822310494,44.2488094024793,"202",,./2.png,"202",VIAL DE AMICIS   quasi angolo DELEDDA LUNGOMARE,Orologio 100x70,,"0",Orologio,IMG_1379
12.3633185582721,44.2479128460028,"588",,./1.png,"588",VIAL DE AMICIS   angolo TITANO  VIALE,Transenna L160,7 ELEMENTI,"7",Transenne parapedonali,IMG_1904
12.3634839170938,44.2479651389049,"589",,./1.png,"589",VIAL DE AMICIS   angolo TITANO  VIALE,Transenna L160,7 ELEMENTI,"7",Transenne parapedonali,IMG_1905
12.3633708473309,44.2481614108729,"590",,./1.png,"590",VIAL DE AMICIS   angolo TITANO  VIALE,Transenna L160,7 ELEMENTI,"7",Transenne parapedonali,IMG_1906
12.3632113999813,44.2481256173114,"591",,./1.png,"591",VIAL DE AMICIS   angolo TITANO  VIALE,Transenna L160,7 ELEMENTI,"7",Transenne parapedonali,IMG_1907
12.3596528305162,44.2470124980274,"592",,./1.png,"592",VIAL DE AMICIS   angolo PINARELLA  VIA,Transenna L160,3 ELEMENTI,"3",Transenne parapedonali,IMG_1908
12.3597460339192,44.2468453982333,"593",,./1.png,"593",VIAL DE AMICIS   angolo PINARELLA  VIA,Transenna L160,3 ELEMENTI,"3",Transenne parapedonali,IMG_1909
12.3651383271855,44.2450296649119,"594",,./0.png,"594",VIA LUCANIA   angolo TITANO  VIALE,Impianto monopalo,,"0",Segnaletica direzionale privata,IMG_1910
12.3654465457776,44.2445451827581,"595",,./0.png,"595",VIA CAMPANIA   angolo TITANO  VIALE,Impianto a due pali,,"0",Segnaletica direzionale privata,IMG_1911
12.3661317111314,44.243711118415,"596",,./1.png,"596",VIALE TITANO   angolo EMILIA  VIALE,Transenna L160,7 ELEMENTI,"7",Transenne parapedonali,IMG_1912
12.3659146815246,44.2436532076524,"597",,./1.png,"597",VIALE TITANO   angolo EMILIA  VIALE,Transenna L160,7 ELEMENTI,"7",Transenne parapedonali,IMG_1913
12.3659856565951,44.2435034321743,"598",,./1.png,"598",VIALE TITANO   angolo EMILIA  VIALE,Transenna L160,7 ELEMENTI,"7",Transenne parapedonali,IMG_1914
12.3662263845016,44.243570171532,"599",,./1.png,"599",VIALE TITANO   angolo EMILIA  VIALE,Transenna L160,7 ELEMENTI,"7",Transenne parapedonali,IMG_1915
12.3667008310804,44.2426674224634,"600",,./0.png,"600",VIALE TITANO   Angolo TOSCANA  VIA,Impianto monopalo,,"0",Segnaletica direzionale privata,IMG_1917
12.3668656894287,44.2424064969253,"57",,./0.png,"57",VIALE TITANO   fronte TRITONE VIALE,Impianto a due pali,,"0",Segnaletica direzionale privata,IMG_1234
12.3668090000968,44.2423644612382,"602",,./1.png,"602",VIALE TRITONE   angolo TITANO  VIALE,Transenna L160,6 ELEMENTI,"6",Transenne parapedonali,IMG_1920
12.3668557915448,44.2424166280738,"603",,./0.png,"603",VIALE TITANO   angolo TRITONE  VIALE,Impianto a due pali,,"0",Segnaletica direzionale privata,IMG_1921
12.3673309361396,44.24178701117,"59",,./0.png,"59",VIALE TITANO   angolo MARCHE VIA,Impianto a due pali,,"0",Segnaletica direzionale privata,IMG_1236
12.3639774035356,44.2415209285421,"89",,./3.png,"89",VIALE TRITONE Lato n.c. 68  quasi fronte MONTALE VIA,Turistico a libro,,"0",Impianto di servizio,IMG_1266
12.3631147146074,44.2411398498636,"90",,./0.png,"90",VIA PINARELLA   angolo TRITONE  VIALE,Impianto a due pali,,"0",Segnaletica direzionale privata,IMG_1267
12.3630977685383,44.241133203434,"604",,./1.png,"604",VIA PINARELLA   angolo TRITONE  VIALE,Transenna L160,6 ELEMENTI,"6",Transenne parapedonali,IMG_1923
12.3630554093172,44.2411844731826,"605",,./1.png,"605",VIALE TRITONE   angolo PINARELLA  VIA,Transenna L160,6 ELEMENTI,"6",Transenne parapedonali,IMG_1924
12.3616298211857,44.2405882618485,"93",,./1.png,"93",VIA EUROPA UNITA   angolo DELLE PLEIADI ROTONDA,Transenna L160,3 + 8 ELEMENTI,"11",Transenne parapedonali,IMG_1271
12.3615275670745,44.2407707156967,"606",,./1.png,"606",VIALE TRITONE   angolo PLATONE VIA,Transenna L160,5 ELEMENTI,"5",Transenne parapedonali,IMG_1926
12.3612391814222,44.2406910784464,"607",,./1.png,"607",VIA TRASIMENO   angolo PLATONE VIA,Transenna L160,7 ELEMENTI,"7",Transenne parapedonali,IMG_1927
12.3613516942719,44.2404948248438,"608",,./1.png,"608",VIALE TRITONE   angolo EUROPA UNITA  VIA,Transenna L160,5 ELEMENTI,"5",Transenne parapedonali,IMG_1928
12.3658890419074,44.2368351905551,"70",,./0.png,"70",VIA PIEMONTE   angolo PINARELLA VIA,Impianto a due pali,INSTALLARE A SX ESISTENTE,"0",Segnaletica direzionale privata,IMG_1247
12.3667062841016,44.2355063608904,"609",,./1.png,"609",VIA PINARELLA   angolo VAL PASSIRIA  VIA,Transenna L160,3 ELEMENTI,"3",Transenne parapedonali,IMG_1931
12.3667298318701,44.2354739065488,"610",,./1.png,"610",VIA PINARELLA   angolo VAL PASSIRIA  VIA,Transenna L160,3 ELEMENTI,"3",Transenne parapedonali,IMG_1932
12.3678850757003,44.233927422864,"611",,./0.png,"611",VIA PINARELLA   quasi angolo MEZZANOTTE  VIA,Impianto a due pali,UTILIZZARE RETRI,"0",Segnaletica direzionale privata,IMG_1934
12.3684838770666,44.2330316053358,"612",,./0.png,"612",VIA PIEMONTE Lato n.c. 273 quasi angolo MEZZANOTTE  VIA,Impianto a due pali,,"0",Segnaletica direzionale privata,IMG_1935
12.3640359165962,44.237525782196,"613",,./1.png,"613",VIA EUROPA UNITA   angolo CALABRIA  VIA,Transenna L160,5 ELEMENTI,"5",Transenne parapedonali,IMG_1936
12.3637986753277,44.2373938282538,"614",,./1.png,"614",VIA EUROPA UNITA   angolo CALABRIA  VIA,Transenna L160,5 ELEMENTI,"5",Transenne parapedonali,IMG_1937
12.3639244598221,44.2372368802482,"615",,./1.png,"615",VIA EUROPA UNITA   angolo CALABRIA  VIA,Transenna L160,5 ELEMENTI,"5",Transenne parapedonali,IMG_1938
12.3642141705923,44.2373593470711,"616",,./1.png,"616",VIA EUROPA UNITA   angolo CALABRIA  VIA,Transenna L160,5 ELEMENTI,"5",Transenne parapedonali,IMG_1939
12.3654450472361,44.2348728003571,"617",,./1.png,"617",VIA EUROPA UNITA   angolo VAL PASSIRIA  VIA,Transenna L160,8 ELEMENTI,"8",Transenne parapedonali,IMG_1940
12.3653179710909,44.2350456679443,"618",,./1.png,"618",VIA EUROPA UNITA   angolo VAL PASSIRIA  VIA,Transenna L160,8 ELEMENTI,"8",Transenne parapedonali,IMG_1941
12.3667830776596,44.2355131812587,"619",,./1.png,"619",VIA PINARELLA   fronte VAL PASSIRIA  VIA,Transenna L160,6 + 3 ELEMENTI,"9",Transenne parapedonali,IMG_1942
12.3667892402201,44.2355050595374,"620",,./0.png,"620",VIA PINARELLA   fronte VAL PASSIRIA  VIA,Impianto a due pali,A SX DEL PALO LUCE DIETRO CORDOLO,"0",Segnaletica direzionale privata,IMG_1942
12.3692516012082,44.2319027003638,"621",,./1.png,"621",VIA PINARELLA   angolo LAZIO  VIA,Transenna L160,2 + 3 ELEMENTI,"5",Transenne parapedonali,IMG_1943
12.3692239180698,44.2319400412773,"622",,./1.png,"622",VIA PINARELLA   angolo LAZIO  VIA,Transenna L160,2 + 3 ELEMENTI,"5",Transenne parapedonali,IMG_1944
12.3691737675503,44.2318740330041,"623",,./0.png,"623",VIA PINARELLA   angolo LAZIO  VIA,Impianto a due pali,,"0",Segnaletica direzionale privata,IMG_1945
12.3764049192518,44.2231765131212,"624",,./0.png,"624",VIA DEL SAGITTARIO   angolo PINARELLA  VIA,Impianto a due pali,AL POSTO DEL NOME VIA,"0",Segnaletica direzionale privata,IMG_1946
12.3776058177436,44.2217373964317,"625",,./1.png,"625",VIA PINARELLA   angolo SICILIA  VIALE,Transenna L160,6 ELEMENTI,"6",Transenne parapedonali,IMG_1947
12.3775818581149,44.22176728478,"626",,./1.png,"626",VIA PINARELLA   angolo SICILIA  VIALE,Transenna L160,4 ELEMENTI,"4",Transenne parapedonali,IMG_1948
12.3776033523933,44.2217329039662,"627",,./0.png,"627",VIA PINARELLA   Angolo SICILIA  VIALE,Impianto a due pali,AL POSTO DEL NOME VIA,"0",Segnaletica direzionale privata,IMG_1949
12.3790189177654,44.2224240444752,"130",,./0.png,"130",VIALE SICILIA Lato n.c. 30 fronte DEI PESCI PIAZZALE,Impianto monopalo,,"0",Segnaletica direzionale privata,IMG_1306
12.3821897127506,44.2240574274128,"81",,./0.png,"81",VIALE ITALIA   angolo SICILIA VIALE,Segnaletica monopalo 100x20,,"0",Segnaletica direzionale privata,IMG_1258
12.3790390256667,44.2243079835356,"84",,./0.png,"84",VIALE DEI GEMELLI   angolo DEL SAGITTARIO VIA,Impianto a due pali,,"0",Segnaletica direzionale privata,IMG_1261
12.3712654544731,44.2228042433211,"568",,./0.png,"568",VIA SBROZZI   angolo ADRIATICA STATALE,Portale circuito bagni,RIMOZIONE IMPIANTO,"0",Segnaletica direzionale privata,IMG_1760
12.3706541871894,44.223207783726,"628",,./0.png,"628",VIA SBROZZI   angolo SS 16 ADRIATICA,Impianto a due pali,RIMOZIONE IMPIANTO,"0",Segnaletica direzionale privata,IMG_1951
12.3733984608941,44.2218261301001,"103",,./0.png,"103",VIA DEI COSMONAUTI   fronte DINO SBROZZI VIA,Impianto a due pali,A SX IMP. ESISTENTE - RIMOZIONE FRECCI SU SUPP. NON IDONEO,"0",Segnaletica direzionale privata,IMG_1280
12.3734448297523,44.221787441723,"104",,./0.png,"104",VIA DEI COSMONAUTI   fronte DINO SBROZZI VIA,Portale circuito bagni,,"0",Segnaletica direzionale privata,IMG_1281
12.3734791192201,44.2217499044389,"105",,./0.png,"105",VIA DEI COSMONAUTI   fronte DINO SBROZZI VIA,Portale circuito bagni,,"0",Segnaletica direzionale privata,IMG_1281
12.3598314685093,44.2358488930664,"629",,./0.png,"629",VIA DEI COSMONAUTI   fronte CALABRIA  VIA,Impianto a due pali,,"0",Segnaletica direzionale privata,IMG_1954
12.3566790191917,44.2395837000943,"150",,./0.png,"150",VIA CADUTI PER LA LIBERTA'    quasi fronte TRITONE  VIALE,Impianto a due pali,,"0",Segnaletica direzionale privata,IMG_1325
12.3576159778383,44.2394354471029,"630",,./0.png,"630",VIALE TRITONE   angolo DELLE IADI  ROTONDA,Impianto a due pali,,"0",Segnaletica direzionale privata,IMG_1956
12.3576225908786,44.238853258784,"631",,./0.png,"631",VIA DEI COSMONAUTI   angolo DELLE IADI  ROTONDA,Impianto a due pali,,"0",Segnaletica direzionale privata,IMG_1957
12.3698616157344,44.2384098850113,"65",,./0.png,"65",VIA ABRUZZI   angolo PIEMONTE VIA,Impianto a due pali,A DX IMP. TOPONOMASTICA,"0",Segnaletica direzionale privata,IMG_1242
12.3699029913433,44.2384285127651,"68",,./0.png,"68",VIA ABRUZZI   angolo PIEMONTE VIA,Impianto a due pali,AL POSTO ESISTENTE,"0",Segnaletica direzionale privata,IMG_1245
12.370873203491,44.23689207059,"73",,./0.png,"73",VIA ABRUZZI   quasi angolo VAL DI NON VIA,Impianto monopalo,,"0",Segnaletica direzionale privata,IMG_1250
12.3733592422178,44.2336299421868,"74",,./0.png,"74",VIA ABRUZZI   quasi angolo LAZIO VIA,Impianto a due pali,RIMUOVERE ESISTENTE - INSTALLARE 8 METRI DOPO ESISTENTE,"0",Segnaletica direzionale privata,IMG_1251
12.3735288350036,44.2334768493365,"75",,./0.png,"75",VIA LAZIO   angolo ABRUZZI VIA,Impianto monopalo,,"0",Segnaletica direzionale privata,IMG_1252
12.3735553682219,44.233438747395,"633",,./1.png,"633",VIA ABRUZZI   angolo LAZIO  VIA,Transenna L160,4 ELEMENTI,"4",Transenne parapedonali,IMG_1963
12.3791976954626,44.2255216616232,"634",,./0.png,"634",VIA LOMELLINA   angolo ABRUZZI  VIA,Impianto a due pali,,"0",Segnaletica direzionale privata,IMG_1964
12.3802760531469,44.2238953901374,"635",,./0.png,"635",VIA ABRUZZI   angolo DELL'ARIETE VIA,Impianto monopalo,,"0",Segnaletica direzionale privata,IMG_1965
12.3429018528673,44.2236220416534,"509",,./0.png,"509",VIA DELL' INDUSTRIA Lato n.c. 7  ,Impianto a due pali,,"0",Segnaletica direzionale privata,IMG_1690
12.3393178652372,44.2225693433581,"510",,./0.png,"510",VIA DELL' INDUSTRIA    ,Impianto monopalo,,"0",Segnaletica direzionale privata,IMG_1692
12.3389048816699,44.2221002700063,"511",,./0.png,"511",VIA DELL' INDUSTRIA    ,Impianto monopalo,,"0",Segnaletica direzionale privata,IMG_1967
12.3380447496039,44.221475156516,"637",,./0.png,"637",VIA DELL'INDUSTRIA   angolo DEL LAVORO VIA,Impianto monopalo,,"0",Segnaletica direzionale privata,IMG_1968
12.3379909847156,44.2213639826115,"638",,./0.png,"638",VIA DELL'INDUSTRIA   fronte DEL LAVORO VIA,Impianto a due pali,,"0",Segnaletica direzionale privata,IMG_1969
12.3379053363104,44.2212942348718,"639",,./0.png,"639",VIA DELL'INDUSTRIA    quasi fronte DEL LAVORO VIA,Impianto monopalo,,"0",Segnaletica direzionale privata,IMG_1970
12.3329338223471,44.2215622247658,"640",,./0.png,"640",VIA DEL LAVORO   angolo DELL'INDUSTRIA  VIA,Impianto a due pali,,"0",Segnaletica direzionale privata,IMG_1972
12.3341572623695,44.2226777701641,"641",,./0.png,"641",VIA DEL LAVORO Lato n.c. 8  ,Impianto monopalo,,"0",Segnaletica direzionale privata,IMG_1973
12.3345901350494,44.2231867730709,"642",,./0.png,"642",VIA DEL LAVORO   angolo DELL'ARTIGIANATO VIA,Impianto a due pali,,"0",Segnaletica direzionale privata,IMG_1974
12.3343920891759,44.2230623459096,"643",,./0.png,"643",VIA DEL LAVORO Lato n.c. 17 angolo DELL'ARTIGIANATO VIA,Impianto a due pali,,"0",Segnaletica direzionale privata,IMG_1975
12.3332730529768,44.2239712087155,"644",,./0.png,"644",VIA DEL LAVORO   angolo DEL COMMERCIO VIA,Impianto a due pali,,"0",Segnaletica direzionale privata,IMG_1976
12.3331153452781,44.2238376610959,"645",,./0.png,"645",VIA DEL LAVORO   angolo DELL'ECONOMIA VIA,Impianto a due pali,,"0",Segnaletica direzionale privata,IMG_1977
12.3335743816545,44.2143138264733,"646",,./0.png,"646",VIA BOLLANA Lato n.c. 21  ,Impianto a due pali,,"0",Segnaletica direzionale privata,IMG_1978
12.3378647052357,44.257992805254,"647",,./1.png,"647",VIA CARDANO   angolo MARTIRI FANTINI  VIA,Transenna L160,5 ELEMENTI,"5",Transenne parapedonali,IMG_1979
12.3399851842878,44.2591304709358,"648",,./1.png,"648",VIA MARTIRI FANTINI   angolo PALAZZONE VIA,Transenna L90,4 ELEMENTI,"4",Transenne parapedonali,IMG_1980
12.3463788791575,44.2524499111671,"167",,./0.png,"167",VIA RIDRACOLI   angolo PINETA FORMICA VIA,Impianto a due pali,,"0",Segnaletica direzionale privata,IMG_1342
12.3463902454518,44.2524360800336,"649",,./0.png,"649",VIA RIDRACOLI   angolo PINETA FORMICA   VIA,Impianto a due pali,,"0",Segnaletica direzionale privata,IMG_1981
12.3486823791239,44.2534264264192,"650",,./1.png,"650",VIA MALVA SUD   angolo FUSCONI  VIA,Transenna L90,8 ELEMENTI,"8",Transenne parapedonali,IMG_1983
12.3486436676754,44.2534839356137,"651",,./1.png,"651",VIA MALVA SUD   angolo FUSCONI  VIA,Transenna L90,6 ELEMENTI,"6",Transenne parapedonali,IMG_1984
12.3485655438787,44.2534504988532,"652",,./1.png,"652",VIA MALVA SUD   angolo PINETA FORMICA   VIA,Transenna L90,8 ELEMENTI,"8",Transenne parapedonali,IMG_1985
12.348608756885,44.2533944455539,"653",,./1.png,"653",VIA MALVA SUD   angolo PINETA FORMICA   VIA,Transenna L90,6 + 3 ELEMENTI,"9",Transenne parapedonali,IMG_1986
12.3488839141784,44.2535904250427,"654",,./0.png,"654",VIA FUSCONI   quasi angolo PINETA FORMICA   VIA,Impianto monopalo,,"0",Segnaletica direzionale privata,IMG_1987
12.3482955423544,44.253248015397,"655",,./0.png,"655",VIA PINETA FORMICA    quasi angolo MALVA SUD  VIA,Impianto a due pali,,"0",Segnaletica direzionale privata,IMG_1988
12.348890323588,44.2529351971602,"156",,./0.png,"156",VIA LESINA   angolo MALVA SUD VIA,Impianto a due pali,,"0",Segnaletica direzionale privata,IMG_1331
12.3490530489933,44.2528827819149,"158",,./0.png,"158",VIA LEVICO   angolo MALVA SUD VIA,Impianto a due pali,,"0",Segnaletica direzionale privata,IMG_1333
12.3490265130519,44.2528823697786,"656",,./1.png,"656",VIA MALVA SUD   angolo LEVICO  VIA,Transenna L90,5 ELEMENTI,"5",Transenne parapedonali,IMG_1989
12.3493880019346,44.2522453030793,"657",,./0.png,"657",VIA MALVA SUD   angolo BRAIES VIA,Impianto a due pali,,"0",Segnaletica direzionale privata,IMG_1993
12.3497376051672,44.2517491199491,"658",,./0.png,"658",VIA MALVA SUD   angolo VIVERONE  VIA,Impianto a due pali,,"0",Segnaletica direzionale privata,IMG_1994
12.3505838549449,44.2508369924115,"659",,./0.png,"659",VIA MALVA SUD   angolo CASELLO VICOLO,Impianto a due pali,,"0",Segnaletica direzionale privata,IMG_1995
12.3517697524589,44.2513309592671,"660",,./0.png,"660",VIA MOLVENO   angolo CASELLO  VICOLO,Impianto a due pali,,"0",Segnaletica direzionale privata,IMG_1996
12.3467160652734,44.2520045196679,"661",,./0.png,"661",VIA VIVERONE   angolo LESINA  VIA,Impianto a due pali,,"0",Segnaletica direzionale privata,IMG_1997
12.3471553909537,44.2514247260584,"662",,./0.png,"662",VIA VIVERONE   angolo BRAIES VIA,Impianto a due pali,,"0",Segnaletica direzionale privata,IMG_1998
12.3554262247176,44.2411471887852,"663",,./0.png,"663",VIA MALVA SUD   angolo FICOCLE  VIA,Impianto a due pali,,"0",Segnaletica direzionale privata,IMG_1999
12.3562795541065,44.2412513138792,"666",,./1.png,"666",VIA CADUTI PER LA LIBERTA'   angolo FIENILONE  VIA,Transenna L160,3 ELEMENTI,"3",Transenne parapedonali,IMG_2002
12.3562614365367,44.241311395927,"667",,./1.png,"667",VIA CADUTI PER LA LIBERTA'   angolo FIENILONE  VIA,Transenna L160,,"0",Transenne parapedonali,IMG_2003
12.3538200109884,44.2503215031204,"147",,./2.png,"147",VIA CADUTI PER LA LIBERTA'    ,Orologio 100x70,,"0",Orologio,IMG_1322
12.3525335589965,44.2554960103885,"136",,./2.png,"136",ROTONDA GIUDICE   angolo CADUTI PER LA LIBERTA' VIA,Orologio 100x70,,"0",Orologio,IMG_1312
12.3527437663191,44.2544429616861,"669",,./1.png,"669",VIA CADUTI PER LA LIBERTA'   angolo FUSCONI  VIA,Transenna L160,6 ELEMENTI,"6",Transenne parapedonali,IMG_2005
12.3526487164973,44.2546946695599,"670",,./1.png,"670",VIA CADUTI PER LA LIBERTA'   angolo FUSCONI  VIA,Transenna L160,8 ELEMENTI,"8",Transenne parapedonali,IMG_2006
12.3526712941552,44.2545963457242,"143",,./0.png,"143",VIA FUSCONI   angolo CADUTI PER LA LIBERTA' VIA,Impianto a due pali,A SX DEL PALO LUCE,"0",Segnaletica direzionale privata,IMG_1319
12.3528418970584,44.2546532638704,"671",,./0.png,"671",VIA CADUTI PER LA LIBERTA'   fronte FUSCONI  VIA,Impianto a due pali,A SX ESISTENTE,"0",Segnaletica direzionale privata,IMG_2008
12.3527615801586,44.2555863755444,"672",,./1.png,"672",VIA CADUTI PER LA LIBERTA'   angolo MILAZZO  VIALE,Transenna L160,7 ELEMENTI,"7",Transenne parapedonali,IMG_2009
12.352666800685,44.2553039204968,"139",,./0.png,"139",ROTONDA GIUDICE   angolo CADUTI PER LA LIBERTA' VIA,Impianto a due pali,AL POSTO DEL NOME VIA,"0",Segnaletica direzionale privata,IMG_1315
12.3525404754869,44.2554428085189,"673",,./1.png,"673",ROTONDA CADORNA   fronte MILAZZO  VIALE,Transenna L160,7 ELEMENTI,"7",Transenne parapedonali,IMG_2010
12.3525266737098,44.2555206277972,"674",,./0.png,"674",VIA CADUTI PER LA LIBERTA'   fronte MILAZZO  VIALE,Impianto a due pali,,"0",Segnaletica direzionale privata,IMG_2011
12.3544744907001,44.2558826070772,"135",,./0.png,"135",VIALE MILAZZO   fronte PINARELLA  VIA,Impianto a due pali,A DX ESISTENTE,"0",Segnaletica direzionale privata,IMG_1311
12.3603970033733,44.2568558505488,"675",,./1.png,"675",VIALE MILAZZO   angolo ITALIA  VIALE,Transenna L90,5 ELEMENTI,"5",Transenne parapedonali,IMG_2012
12.3603824530349,44.2568622339643,"676",,./0.png,"676",VIALE MILAZZO   angolo ITALIA  VIALE,Impianto monopalo,,"0",Segnaletica direzionale privata,IMG_2013
12.3604443222955,44.2568574344276,"677",,./1.png,"677",VIALE MILAZZO   angolo ITALIA  VIALE,Transenna L90,3 ELEMENTI,"3",Transenne parapedonali,IMG_2014
12.3613361279818,44.2569782525932,"189",,./2.png,"189",VIALE MILAZZO   angolo GIUDICE ROTATORIA,Orologio 100x70,,"0",Orologio,IMG_1364
12.3614999585016,44.2570323797778,"678",,./0.png,"678",VIALE MILAZZO   angolo DELEDDA  LUNGOMARE,Impianto a due pali,,"0",Segnaletica direzionale privata,IMG_2017
12.3616236722251,44.2571966633347,"206",,./0.png,"206",LUNGOMARE DELEDDA   angolo MILAZZO VIALE,Impianto a due pali,A DX ESISTENTE,"0",Segnaletica direzionale privata,IMG_1383
12.3628237452243,44.2549073706569,"204",,./0.png,"204",LUNGOMARE DELEDDA   angolo MODENA VIALETTO,Impianto a due pali,AL POSTO ESISTENTE,"0",Segnaletica direzionale privata,IMG_1381
12.3661161184936,44.2489542374096,"200",,./3.png,"200",LUNGOMARE DELEDDA   angolo DE AMICIS  VIALE,Turistico a libro,,"0",Impianto di servizio,IMG_1376
12.3473881752817,44.2585292461521,"177",,./2.png,"177",ROTONDA MONSIGNOR MARINI   fronte STAZIONE VIALE,Orologio 100x70,,"0",Orologio,IMG_1352
12.3477805137566,44.2586094412703,"178",,./3.png,"178",ROTONDA MONSIGNOR MARINI   angolo STAZIONE VIALE,Turistico a libro,,"0",Impianto di servizio,IMG_1353
12.3477903394117,44.2586365455446,"679",,./1.png,"679",VIALE DELLA STAZIONE   angolo MARINI ROTONDA,Transenna L160,4 ELEMENTI,"4",Transenne parapedonali,IMG_2019
12.3477006967525,44.258721353269,"680",,./1.png,"680",VIALE DELLA STAZIONE   angolo MARINI ROTONDA,Transenna L160,4 ELEMENTI,"4",Transenne parapedonali,IMG_2020
12.3475634792718,44.2586979864472,"681",,./1.png,"681",ROTONDA MARINI   angolo GUERRA  VIA,Transenna L160,4 ELEMENTI,"4",Transenne parapedonali,IMG_2021
12.3492083330249,44.2592535454343,"682",,./1.png,"682",VIALE DELLA STAZIONE   fronte SACCHETTI  CIRCONVALLAZIONE,Transenna L160,4 ELEMENTI,"4",Transenne parapedonali,IMG_2022
12.3502346443733,44.2597432792956,"683",,./1.png,"683",VIALE DELLA STAZIONE   angolo MAZZINI CORSO,Transenna L90,4 ELEMENTI,"4",Transenne parapedonali,IMG_2023
12.3502894283976,44.2597595354629,"684",,./1.png,"684",VIALE DEI MILLE   angolo MAZZINI CORSO,Transenna L90,4 ELEMENTI,"4",Transenne parapedonali,IMG_2024
12.3545320304322,44.2558163047756,"685",,./0.png,"685",VIA PINARELLA   angolo MILAZZO  VIALE,Impianto a due pali,,"0",Segnaletica direzionale privata,IMG_2025
12.3626581670156,44.2493616829044,"686",,./1.png,"686",VIALE TITANO   angolo DIANA  VIALE,Transenna L160,2 ELEMENTI,"2",Transenne parapedonali,IMG_2027
12.3629082845021,44.2549078565607,"687",,./3.png,"687",LUNGOMARE DELEDDA   fronte MODENA VIA,Turistico a libro,,"0",Impianto di servizio,IMG_2028
12.3613438716929,44.257869473328,"207",,./3.png,"207",LUNGOMARE DELEDDA Fronte n.c. 38  ,Turistico a libro,,"0",Impianto di servizio,IMG_1384
12.3593818646027,44.2616502587569,"199",,./3.png,"199",LUNGOMARE DELEDDA Fronte n.c. 4  ,Turistico a libro,,"0",Impianto di servizio,IMG_1375
12.3587211383848,44.2619793644708,"688",,./1.png,"688",LUNGOMARE DELEDDA   angolo DEI MILLE  VIALE,Transenna L160,7 ELEMENTI,"7",Transenne parapedonali,IMG_2029
12.3587429741609,44.2619263185992,"689",,./1.png,"689",LUNGOMARE DELEDDA   angolo DEI MILLE  VIALE,Transenna L160,7 ELEMENTI,"7",Transenne parapedonali,IMG_2030
12.358715821982,44.2619878578226,"190",,./0.png,"190",VIALE DEI MILLE   Angolo DELEDDA LUNGOMARE,Impianto a due pali,A DX ESISTENTE,"0",Segnaletica direzionale privata,IMG_1365
12.3581649794538,44.2617879081161,"690",,./1.png,"690",VIALE DEI MILLE   angolo COLOMBO  VIALE,Transenna L90,4 ELEMENTI,"4",Transenne parapedonali,IMG_2032
12.3580892502698,44.26182586627,"691",,./1.png,"691",VIALE DEI MILLE   angolo COLOMBO  VIALE,Transenna L90,3 ELEMENTI,"3",Transenne parapedonali,IMG_2033
12.3576728771571,44.26168805601,"692",,./1.png,"692",VIALE MARCONI   angolo DEI MILLE  VIALE,Transenna L90,2 ELEMENTI,"2",Transenne parapedonali,IMG_2034
12.3576138177214,44.2616695472545,"693",,./1.png,"693",VIALE MARCONI   angolo DEI MILLE  VIALE,Transenna L90,2 ELEMENTI,"2",Transenne parapedonali,IMG_2035
12.3560354034563,44.2611919516618,"694",,./0.png,"694",VIALE DEI MILLE   angolo VOLTURNO  VIALE,Impianto a due pali,,"0",Segnaletica direzionale privata,IMG_2037
12.3564159112415,44.2605983701725,"695",,./1.png,"695",VIALE VOLTURNO   angolo CAPRERA VIALE,Transenna L90,1 ELEMENTO,"1",Transenne parapedonali,IMG_2038
12.3566668602043,44.2602325030633,"198",,./1.png,"198",VIALE VOLTURNO   angolo MONREALE VIALE,Transenna L90,1 ELEMENTO,"1",Transenne parapedonali,IMG_1374
12.3534061866389,44.2605082160529,"195",,./0.png,"195",VIALE DEI MILLE   angolo CALATAFIMI VIALE,Impianto a due pali,AL POSTO DEL NOME VIA,"0",Segnaletica direzionale privata,IMG_1371
12.3514560882127,44.2600795910245,"182",,./0.png,"182",VIALE DEI MILLE   angolo SACCHETTI CIRCONVALLAZIONE,Impianto a due pali,INSTALLARE OBLIQUO - AL POSTO DEL NOME VIA,"0",Segnaletica direzionale privata,IMG_1357
12.3513585736307,44.2600550626292,"696",,./1.png,"696",VIALE DEI MILLE   angolo SACCHETTI  CIRCONVALLAZIONE,Transenna L90,3 + 3 ELEMENTI,"6",Transenne parapedonali,IMG_20IMG_2039
12.3513815290405,44.2599924574207,"697",,./1.png,"697",VIALE DEI MILLE   angolo CAPUA VIALE,Transenna L90,3 + 3 ELEMENTI,"6",Transenne parapedonali,IMG_2040
12.351468913846,44.2600137103886,"698",,./1.png,"698",VIALE DEI MILLE   angolo CAPUA VIALE,Transenna L90,3 + 3 ELEMENTI,"6",Transenne parapedonali,IMG_2041
12.3514188107855,44.2600652031849,"699",,./1.png,"699",VIALE DEI MILLE   angolo SACCHETTI  CIRCONVALLAZIONE,Transenna L90,9 + 4 ELEMENTI,"13",Transenne parapedonali,IMG_2042
12.3469657009559,44.2610260246125,"445",,./2.png,"445",PIAZZA DELLA RESISTENZA Fronte n.c. 8 angolo OSPEDALE  VIA,Orologio 100x70,,"0",Orologio,IMG_1626
12.3470842853918,44.2611297344014,"700",,./1.png,"700",PIAZZA DELLA RESISTENZA   quasi angolo OSPEDALE  VIA,Transenna L160,8 ELEMENTI,"8",Transenne parapedonali,IMG_2043
12.347104173183,44.2611005674904,"701",,./0.png,"701",PIAZZA DELLA RESISTENZA   quasi angolo OSPEDALE  VIA,Impianto a due pali,,"0",Segnaletica direzionale privata,IMG_2044
12.3479023410178,44.2612790225927,"702",,./1.png,"702",CIRCONVALLAZIONE SACCHETTI   fronte DELLA RESISTENZA  PIAZZA,Transenna L160,4 + 4 ELEMENTI,"4",Transenne parapedonali,IMG_2045
12.3478870793601,44.2613020990068,"703",,./0.png,"703",CIRCONVALLAZIONE SACCHETTI   fronte DELLA RESISTENZA  PIAZZA,Impianto a due pali,,"0",Segnaletica direzionale privata,IMG_2046
12.3481557074969,44.2607797134547,"447",,./3.png,"447",PIAZZA DELLA RESISTENZA Fronte n.c. 28 LATO SACCHETTI  CIRCONVALLAZIONE,Turistico a libro,,"0",Impianto di servizio,IMG_1628
12.3477903070604,44.2612906465635,"704",,./1.png,"704",PIAZZA DELLA RESISTENZA   angolo SACCHETTI  CIRCONVALLAZIONE,Transenna L160,6 ELEMENTI,"6",Transenne parapedonali,IMG_2047
12.3504556279675,44.2613565240026,"705",,./1.png,"705",CIRCONVALLAZIONE SACCHETTI   fronte ROMA  VIALE,Transenna L160,3 ELEMENTI,"3",Transenne parapedonali,IMG_2048
12.3504908423552,44.2613054688197,"706",,./1.png,"706",CIRCONVALLAZIONE SACCHETTI   fronte ROMA  VIALE,Transenna L160,3 ELEMENTI,"3",Transenne parapedonali,IMG_2049
12.350555268552,44.2613309695672,"707",,./1.png,"707",VIALE ROMA   angolo SACCHETTI  CIRCONVALLAZIONE,Transenna L90,4 + 3 ELEMENTI,"7",Transenne parapedonali,IMG_2050
12.3505266046436,44.2613806414426,"708",,./1.png,"708",VIALE ROMA   angolo SACCHETTI  CIRCONVALLAZIONE,Transenna L90,3 + 2 ELEMENTI,"5",Transenne parapedonali,IMG_2051
12.351454236276,44.2616934236838,"709",,./1.png,"709",VIALE ROMA   angolo TORRE SAN MICHELE  VIA,Transenna L90,4 ELEMENTI,"4",Transenne parapedonali,IMG_2052
12.3514077227167,44.2616769251677,"710",,./1.png,"710",VIALE ROMA   angolo TORRE SAN MICHELE  VIA,Transenna L90,4 ELEMENTI,"4",Transenne parapedonali,IMG_2053
12.3527934838944,44.2621769196969,"711",,./1.png,"711",VIALE ROMA   fronte TRIESTE VIALE,Transenna L160,8 ELEMENTI,"8",Transenne parapedonali,IMG_2054
12.3527796358824,44.2621374287711,"712",,./1.png,"712",VIALE ROMA   angolo TRIESTE VIALE,Transenna L90,3 ELEMENTI,"3",Transenne parapedonali,IMG_2055
12.3528285304776,44.26215207029,"713",,./1.png,"713",VIALE ROMA   angolo TRIESTE VIALE,Transenna L90,4 ELEMENTI,"4",Transenne parapedonali,IMG_2056
12.3548305827283,44.2629096409882,"222",,./0.png,"222",VIALE ROMA   angolo VOLTURNO VIALE,Impianto a due pali,AL POSTO DEL NOME VIA - ARRETRARE DI 150 CM,"0",Segnaletica direzionale privata,IMG_1399
12.3548368325576,44.2629320858503,"714",,./0.png,"714",VIALE VOLTURNO   angolo ROMA  VIALE,Impianto a due pali,AL POSTO DEL NOME VIA - INSTALLARE 150 CM PIU' AVANTI,"0",Segnaletica direzionale privata,IMG_2061
12.3549541997576,44.2628976695141,"715",,./1.png,"715",VIALE ROMA   angolo VOLTURNO  VIALE,Transenna L90,4 + 1 ELEMENTI,"5",Transenne parapedonali,IMG_2057
12.3549315478614,44.2629364468963,"716",,./1.png,"716",VIALE ROMA   angolo VOLTURNO  VIALE,Transenna L90,5 ELEMENTI,"5",Transenne parapedonali,IMG_2058
12.3548586423076,44.2629076250062,"717",,./1.png,"717",VIALE ROMA   angolo VOLTURNO  VIALE,Transenna L90,1 + 4 ELEMENTI,"5",Transenne parapedonali,IMG_2059
12.3548647487991,44.2628693341071,"718",,./1.png,"718",VIALE ROMA   angolo VOLTURNO  VIALE,Transenna L90,5 ELEMENTI,"5",Transenne parapedonali,IMG_2060
12.3567070588612,44.2635857155675,"216",,./0.png,"216",VIALE MARCO POLO    angolo ROMA VIALE,Impianto a due pali,,"0",Segnaletica direzionale privata,IMG_1393
12.3567859648364,44.2635452829189,"217",,./0.png,"217",VIALE ROMA   angolo MARCONI VIA,Impianto a due pali,,"0",Segnaletica direzionale privata,IMG_1394
12.3567715479394,44.2635540439049,"719",,./1.png,"719",VIALE ROMA   angolo MARCONI  VIALE,Transenna L90,5 ELEMENTI,"5",Transenne parapedonali,IMG_2063
12.3567620319246,44.2635906487355,"720",,./1.png,"720",VIALE ROMA   angolo MARCO POLO   VIALE,Transenna L90,1 +4 +1 ELEMENTI,"6",Transenne parapedonali,IMG_2064
12.3567179973191,44.26357407947,"721",,./1.png,"721",VIALE ROMA   angolo MARCO POLO   VIALE,Transenna L90,4 ELEMENTI,"4",Transenne parapedonali,IMG_2065
12.3567300629334,44.2635385906177,"722",,./1.png,"722",VIALE ROMA   angolo MARCONI  VIALE,Transenna L160,4 ELEMENTI,"4",Transenne parapedonali,IMG_2066
12.3573000416398,44.2637105916271,"723",,./1.png,"723",VIALE ROMA   angolo COLOMBO  VIALE,Transenna L90,5 ELEMENTI,"5",Transenne parapedonali,IMG_2067
12.3572830126491,44.2637462265774,"724",,./1.png,"724",VIALE ROMA   angolo COLOMBO  VIALE,Transenna L90,5 ELEMENTI,"5",Transenne parapedonali,IMG_2068
12.3572350107404,44.2637327516927,"725",,./1.png,"725",VIALE ROMA   angolo COLOMBO  VIALE,Transenna L90,5 ELEMENTI,"5",Transenne parapedonali,IMG_2069
12.3572520397573,44.2636971167487,"726",,./1.png,"726",VIALE ROMA   angolo COLOMBO  VIALE,Transenna L90,5 ELEMENTI,"5",Transenne parapedonali,IMG_2070
12.357829796019,44.2640927904313,"727",,./1.png,"727",ROTONDA DELLA PACE   angolo ROMA  VIALE,Transenna L160,6 ELEMENTI,"6",Transenne parapedonali,IMG_2072
12.3584099333663,44.2635123832689,"728",,./1.png,"728",ROTONDA DELLA PACE   angolo DELEDDA  LUNGOMARE,Transenna L160,5 + 3 ELEMENTI,"8",Transenne parapedonali,IMG_2073
12.3584110471265,44.263851779692,"209",,./2.png,"209",LUNGOMARE DELEDDA   angolo DELLA PACE ROTONDA,Orologio 100x70,,"0",Orologio,IMG_1386
12.3582989973042,44.2640521847449,"729",,./0.png,"729",ROTONDA DELLA PACE   fronte ROMA  VIALE,Impianto monopalo,,"0",Segnaletica direzionale privata,IMG_2074
12.3574973155919,44.2658783246507,"211",,./0.png,"211",LUNGOMARE D'ANNUNZIO   angolo GESSI VIA,Impianto a due pali,,"0",Segnaletica direzionale privata,IMG_1388
12.3570388809724,44.2670244345825,"213",,./3.png,"213",VIA NAZARIO SAURO   angolo D'ANNUNZIO LUNGOMARE,Turistico a libro,,"0",Impianto di servizio,IMG_1390
12.3559799021153,44.2666482711303,"214",,./0.png,"214",VIALE COLOMBO   angolo NAZARIO SAURO VIALE,Impianto monopalo,AL POSTO DEL NOME VIA,"0",Segnaletica direzionale privata,IMG_1391
12.3559164159454,44.2666394195447,"730",,./1.png,"730",VIA NAZARIO SAURO   angolo COLOMBO  VIALE,Transenna L90,4 ELEMENTI,"4",Transenne parapedonali,IMG_2076
12.3558689255342,44.2654855662552,"218",,./0.png,"218",VIALE MARCO POLO    Angolo MIRAMARE VIALE,Impianto a due pali,AL POSTO DEL NOME VIA - SPOSTARE NOME VIA DALL'ALTRO LATO DELLA STRADA,"0",Segnaletica direzionale privata,IMG_1395
12.3535276293981,44.2651756701958,"219",,./2.png,"219",VIA NAZARIO SAURO   angolo VOLTURNO VIALE,Orologio 100x70,,"0",Orologio,IMG_1396
12.3512535266992,44.2629724764468,"731",,./1.png,"731",VIA BONALDO   angolo ANDREA COSTA  PIAZZA,Transenna L90,1 + 4 ELEMENTI,"5",Transenne parapedonali,IMG_2077
12.350554169012,44.2626523943246,"732",,./1.png,"732",PIAZZA ANDREA COSTA   angolo EVANGELISTI  VIA,Transenna L160,5 ELEMENTI,"5",Transenne parapedonali,IMG_2078
12.3497228669424,44.2624600433546,"733",,./0.png,"733",VIA EVANGELISTI   fronte SACCHETTI  CIRCONVALLAZIONE,Impianto a due pali,A SX SENSO UNICO,"0",Segnaletica direzionale privata,IMG_2079
12.349976199153,44.2621643888613,"734",,./1.png,"734",CIRCONVALLAZIONE SACCHETTI   angolo BERTONI  VIA,Transenna L90,1 + 2 ELEMENTI,"3",Transenne parapedonali,IMG_2080
12.3460836350526,44.2606541069674,"174",,./1.png,"174",ROTONDA SAN GIORGIO   angolo PONTE SAN GIORGIO,Transenna L160,13 ELEMENTI - PRIMA A DX DAL TOMBINO,"13",Transenne parapedonali,IMG_1349
12.346463528596,44.2605441146564,"735",,./1.png,"735",ROTONDA SAN GIORGIO   angolo OSPEDALE  VIA,Transenna L160,5 ELEMENTI,"5",Transenne parapedonali,IMG_2082
12.3464277714447,44.2605272986339,"736",,./0.png,"736",ROTONDA SAN GIORGIO   angolo OSPEDALE  VIA,Impianto a due pali,,"0",Segnaletica direzionale privata,IMG_2083
12.3465226168167,44.2606507609166,"173",,./1.png,"173",VIA OSPEDALE   angolo SAN GIORGIO ROTONDA,Transenna L160,5 ELEMENTI - SPOSTARE AFFISSIONALE A DX DELL'ALBERO,"5",Transenne parapedonali,IMG_1348
12.3463593940717,44.2608115663407,"737",,./1.png,"737",ROTONDA SAN GIORGIO   angolo OSPEDALE  VIA,Transenna L160,6 ELEMENTI,"6",Transenne parapedonali,IMG_2085
12.3454609157697,44.2614786601286,"254",,./1.png,"254",ROTONDA PERTINI   angolo MARTIRI FANTINI VIA,Transenna L160,12 ELEMENTI,"12",Transenne parapedonali,IMG_1431
12.3450202439786,44.2613355610493,"255",,./1.png,"255",ROTONDA PERTINI   angolo ARTUSI PIAZZALE,Transenna L160,10 ELEMENTI,"10",Transenne parapedonali,IMG_1432
12.3454075766523,44.2610645718222,"258",,./1.png,"258",ROTONDA PERTINI   angolo SAN GIORGIO PONTE,Transenna L160,8 ELEMENTI,"8",Transenne parapedonali,IMG_1468
12.3455435997899,44.2611106048754,"259",,./0.png,"259",ROTONDA PERTINI   angolo SAN GIORGIO PONTE,Impianto a due pali,AL POSTO DEL NOME VIA,"0",Segnaletica direzionale privata,IMG_1437
12.347136253827,44.2620154902997,"261",,./0.png,"261",VIA MARTIRI FANTINI   fronte XXII OTTOBRE  VIA,Impianto a due pali,AL POSTO DEL NOME VIA - A SX ESISTENTE,"0",Segnaletica direzionale privata,IMG_1439
12.3478219633604,44.2634376505226,"738",,./1.png,"738",VIALE ORIANI   angolo DI VITTORIO  VIALE,Transenna L90,6 ELEMENTI,"6",Transenne parapedonali,IMG_2090
12.347852082395,44.2633843637009,"739",,./1.png,"739",VIALE ORIANI   angolo DI VITTORIO  VIALE,Transenna L90,6 ELEMENTI,"6",Transenne parapedonali,IMG_2091
12.3478431693198,44.2634608479357,"245",,./0.png,"245",VIALE ORIANI   angolo DI VITTORIO VIALE,Impianto a due pali,,"0",Segnaletica direzionale privata,IMG_1422
12.3457994670576,44.266268780057,"740",,./0.png,"740",VIALE DI VITTORIO   quasi angolo MILANO  VIALE,Impianto a due pali,,"0",Segnaletica direzionale privata,IMG_2092
12.3436745686742,44.2663838674986,"250",,./1.png,"250",VIA XXII OTTOBRE   angolo DI VITTORIO VIALE,Transenna L160,8 ELEMENTI,"8",Transenne parapedonali,IMG_1427
12.344011982922,44.2664105028712,"251",,./1.png,"251",VIA XXII OTTOBRE   angolo DI VITTORIO VIALE,Transenna L160,11 ELEMENTI,"11",Transenne parapedonali,IMG_1428
12.3442803251698,44.2665439679163,"741",,./0.png,"741",VIALE DI VITTORIO Lato n.c. 84  quasi fronte XXII OTTOBRE  VIA,Segnaletica monopalo 100x20,,"0",Segnaletica direzionale privata,IMG_2093
12.3404041437938,44.2664264591732,"742",,./1.png,"742",VIALE DI VITTORIO   fronte ANGELINI  VIA,Transenna L160,10 ELEMENTI,"10",Transenne parapedonali,IMG_2096
12.340257980687,44.2660214379234,"743",,./1.png,"743",ROTONDA PAGANELLI   angolo ANGELINI  VIA,Transenna L160,8 ELEMENTI,"8",Transenne parapedonali,IMG_2097
12.3407154183107,44.2661382598952,"744",,./1.png,"744",ROTONDA PAGANELLI   angolo DI VITTORIO  VIALE,Transenna L160,12 ELEMENTI,"12",Transenne parapedonali,IMG_2098
12.3402471201869,44.266317118863,"745",,./0.png,"745",ROTONDA PAGANELLI   fronte DI VITTORIO  VIALE,Impianto a due pali,A SX NOME VIA,"0",Segnaletica direzionale privata,IMG_2099
12.3405904121965,44.2663110388674,"746",,./0.png,"746",ROTONDA PAGANELLI   fronte DI VITTORIO  VIALE,Impianto a due pali, A DX NOME VIA,"0",Segnaletica direzionale privata,IMG_2100
12.3308471432468,44.2678178179298,"281",,./0.png,"281",VIALE DI VITTORIO   quasi angolo MACCANETTO VIA,Impianto a due pali,,"0",Segnaletica direzionale privata,IMG_1460
12.3247686091548,44.2732004703897,"747",,./1.png,"747",VIA FORLANINI   angolo GALENO  VIA,Transenna L160,6 ELEMENTI,"6",Transenne parapedonali,IMG_2101
12.3422574095847,44.2639088461015,"748",,./1.png,"748",VIA ANGELINI   angolo MAZZOTTI CARLI  VIA,Transenna L160,5 ELEMENTI,"5",Transenne parapedonali,IMG_2102
12.3422785958082,44.2641654772346,"749",,./1.png,"749",ROTONDA GIRONI   angolo MAZZOTTI CARLI  VIA,Transenna L160,5 ELEMENTI,"5",Transenne parapedonali,IMG_2103
12.3419461821591,44.2642657281143,"750",,./1.png,"750",ROTONDA GIRONI   angolo ANGELINI  VIA,Transenna L160,6 ELEMENTI,"6",Transenne parapedonali,IMG_2104
12.34170249608,44.2639822659096,"751",,./1.png,"751",ROTONDA GIRONI   angolo ANGELINI  VIA,Transenna L160,8 ELEMENTI,"8",Transenne parapedonali,IMG_2105
12.3414694204036,44.2643924368835,"752",,./0.png,"752",VIA ANGELINI   quasi angolo GIRONI  ROTONDA,Impianto a due pali,,"0",Segnaletica direzionale privata,IMG_2106
12.3453056642078,44.2646262085443,"753",,./1.png,"753",VIA XXII OTTOBRE   fronte MAZZOTTI CARLI  VIA,Transenna L160,4 + 2 ELEMENTI,"6",Transenne parapedonali,IMG_2107
12.3451849121962,44.2646011651746,"754",,./1.png,"754",VIA MAZZOTTI CARLI   Angolo XXII OTTOBRE  VIA,Transenna L160,6 ELEMENTI,"6",Transenne parapedonali,IMG_2108
12.3497091883923,44.2641095552086,"755",,./1.png,"755",VIALE ORIANI   angolo MONTE NERO VIA,Transenna L90,4 ELEMENTI,"4",Transenne parapedonali,IMG_2109
12.3503737560181,44.2642353432875,"241",,./0.png,"241",VIA DELLE PARATOIE   angolo ORIANI VIALE,Impianto a due pali,,"0",Segnaletica direzionale privata,IMG_1418
12.3504571853802,44.2642646530198,"756",,./1.png,"756",VIA DELLE PARATOIE   angolo ORIANI  VIALE,Transenna L160,5 ELEMENTI,"5",Transenne parapedonali,IMG_2110
12.350308516541,44.2642150272429,"757",,./1.png,"757",VIA DELLE PARATOIE   angolo ORIANI  VIALE,Transenna L160,5 ELEMENTI,"5",Transenne parapedonali,IMG_2111
12.3503518798563,44.2643169722543,"758",,./1.png,"758",VIALE ORIANI   angolo GUERINI VIA,Transenna L160,4 ELEMENTI,"4",Transenne parapedonali,IMG_2112
12.3502867304352,44.2642982415264,"759",,./1.png,"759",VIALE ORIANI   angolo GUERINI VIA,Transenna L160,4 ELEMENTI,"4",Transenne parapedonali,IMG_2113
12.3508044105544,44.2637256617585,"760",,./1.png,"760",VIALE PARINI   angolo DELLE PARATOIE  VIA,Transenna L160,6 ELEMENTI,"6",Transenne parapedonali,IMG_2114
12.3508772966134,44.2636472986255,"761",,./1.png,"761",VIALE PARINI   angolo DELLE PARATOIE  VIA,Transenna L90,5 ELEMENTI,"5",Transenne parapedonali,IMG_2115
12.3528479342024,44.265425106673,"239",,./2.png,"239",VIALE ORIANI Lato n.c. 69 quasi angolo VITTORIO VENETO VIALE,Orologio 100x70,,"0",Orologio,IMG_1416
12.3531008065981,44.2655971168328,"762",,./1.png,"762",VIALE VITTORIO VENETO   angolo ORIANI  VIALE,Transenna L160,7 ELEMENTI,"7",Transenne parapedonali,IMG_2116
12.353178613124,44.2656440574966,"763",,./1.png,"763",VIALE VITTORIO VENETO   angolo ORIANI  VIALE,Transenna L160,5 ELEMENTI,"5",Transenne parapedonali,IMG_2117
12.3545045836893,44.2667706550575,"290",,./0.png,"290",VIALE ORIANI   angolo DANTE ALIGHIERI VIA,Impianto a due pali,AL POSTO DEL NOME VIA,"0",Segnaletica direzionale privata,IMG_1471
12.354939077485,44.2672795295281,"764",,./1.png,"764",VIALE DUE GIUGNO   angolo LEONCAVALLO  VIALE,Transenna L160,2 + 1 ELEMENTI,"3",Transenne parapedonali,IMG_2119
12.3513213419033,44.268326717003,"765",,./1.png,"765",VIALE VITTORIO VENETO   angolo CILEA VIA,Transenna L160,1 ELEMENTO,"1",Transenne parapedonali,IMG_2120
12.3513001149484,44.2683614818624,"766",,./1.png,"766",VIALE VITTORIO VENETO   angolo CILEA VIA,Transenna L160,1 ELEMENTO,"1",Transenne parapedonali,IMG_2121
12.3547505463999,44.2678495968621,"294",,./0.png,"294",VIALE DUE GIUGNO   angolo BOITO VIALE,Impianto a due pali,AL POSTO DEL NOME VIA,"0",Segnaletica direzionale privata,IMG_1475
12.3546812446955,44.2677968493427,"296",,./0.png,"296",VIALE DUE GIUGNO   angolo BOITO VIALE,Impianto monopalo,AL POSTO DEL NOME VIA,"0",Segnaletica direzionale privata,IMG_1477
12.3544209913745,44.2684269857343,"300",,./2.png,"300",VIALE DUE GIUGNO Lato n.c. 13  ,Orologio 100x70,,"0",Orologio,IMG_1481
12.354430152446,44.2692476979935,"297",,./0.png,"297",VIALE MASCAGNI   angolo CORELLI ROTONDA,Impianto a due pali,AL POSTO DEL NOME VIA,"0",Segnaletica direzionale privata,IMG_1478
12.35398384771,44.2699484095894,"301",,./0.png,"301",VIALE DUE GIUGNO   angolo PAGANINI VIALE,Impianto a due pali,AL POSTO DEL NOME VIA - SPOSTARE NOME VIA DALL'ALTRO LATO DELLA STRADA,"0",Segnaletica direzionale privata,IMG_1482
12.3534586896629,44.2713993715967,"304",,./2.png,"304",VIALE DUE GIUGNO Lato n.c. 46  ,Orologio 100x70,,"0",Orologio,IMG_1485
12.3532219082761,44.271976412128,"767",,./0.png,"767",VIALE DUE GIUGNO   angolo CIMAROSA VIALE,Impianto monopalo,AL POSTO DEL NOME VIA,"0",Segnaletica direzionale privata,IMG_2123
12.3529732464757,44.2726554314232,"306",,./0.png,"306",VIALE DUE GIUGNO   angolo SPONTINI VIALE,Impianto a due pali,AL POSTO DEL NOME VIA,"0",Segnaletica direzionale privata,IMG_1487
12.3527164958414,44.2733283359225,"310",,./0.png,"310",VIALE DUE GIUGNO   angolo BARACCA VIALE,Impianto a due pali,AL POSTO DEL NOME VIA,"0",Segnaletica direzionale privata,IMG_1491
12.3522815350145,44.2744622234066,"311",,./0.png,"311",VIALE DUE GIUGNO   angolo TOTI VIALE,Impianto a due pali,AL POSTO DEL NOME VIA,"0",Segnaletica direzionale privata,IMG_1492
12.3521964660296,44.2744043797587,"312",,./0.png,"312",VIALE DUE GIUGNO   angolo TOTI VIALE,Impianto monopalo,AL POSTO DEL NOME VIA RIMOSSO,"0",Segnaletica direzionale privata,IMG_1493
12.3523621917882,44.2753745250569,"315",,./0.png,"315",VIALE LUIGI CADORNA   angolo CADORNA ROTONDA,Impianto a due pali,AL POSTO DEL NOME VIA,"0",Segnaletica direzionale privata,IMG_1496
12.3514443744099,44.2755197909259,"319",,./0.png,"319",VIALE BOLOGNA   quasi angolo CADORNA ROTONDA,Impianto a due pali,A DX DEL NOME VIA,"0",Segnaletica direzionale privata,IMG_1500
12.351365715942,44.2751473401074,"320",,./0.png,"320",VIALE LUIGI CADORNA   angolo CADORNA ROTONDA,Impianto a due pali,AL POSTO DEL NOME VIA,"0",Segnaletica direzionale privata,IMG_1501
12.3520734740051,44.2749423453354,"768",,./1.png,"768",ROTONDA CADORNA   Angolo DUE GIUGNO  VIALE,Transenna L160,5 ELEMENTI,"5",Transenne parapedonali,IMG_2125
12.3516514600615,44.2756050165044,"769",,./1.png,"769",ROTONDA CADORNA   angolo DUE GIUGNO  VIALE,Transenna L160,4 ELEMENTI,"4",Transenne parapedonali,IMG_2126
12.3515639636862,44.2760871538151,"323",,./0.png,"323",VIALE DUE GIUGNO   angolo CORSICA VIALE,Impianto a due pali,,"0",Segnaletica direzionale privata,IMG_1504
12.3514782000016,44.2763278685744,"324",,./2.png,"324",VIALE DUE GIUGNO Lato n.c. 65 quasi angolo ZARA VIALE,Orologio 100x70,,"0",Orologio,IMG_1505
12.3509861332582,44.2779156027516,"326",,./0.png,"326",VIALE DUE GIUGNO   angolo FORL' VIALE,Impianto a due pali,AL POSTO DEL NOME VIA,"0",Segnaletica direzionale privata,IMG_1507
12.3509797042128,44.2779094396788,"770",,./1.png,"770",VIALE DUE GIUGNO   angolo FORLI'  VIALE,Transenna L90,5 + 3 ELEMENTI,"8",Transenne parapedonali,IMG_2127
12.3509109483103,44.2778955791886,"771",,./1.png,"771",VIALE DUE GIUGNO   angolo FORLI'  VIALE,Transenna L90,2 + 5 ELEMENTI,"7",Transenne parapedonali,IMG_2128
12.3509235775872,44.2778650368553,"772",,./1.png,"772",VIALE DUE GIUGNO   Angolo FORLI'  VIALE,Transenna L160,5 + 3 ELEMENTI,"8",Transenne parapedonali,IMG_2129
12.3509922883547,44.2778781046783,"773",,./1.png,"773",VIALE DUE GIUGNO   angolo FORLI'  VIALE,Transenna L160,4 + 3 ELEMENTI,"7",Transenne parapedonali,IMG_2130
12.3517832079148,44.2779783386789,"350",,./3.png,"350",VIALE FORLI' Fronte n.c. 47 LATO MANTOVA PIAZZALE,Turistico a libro,,"0",Impianto di servizio,IMG_1531
12.3506637861642,44.2787766182508,"330",,./0.png,"330",VIALE DUE GIUGNO   angolo SPALATO VIALE,Impianto monopalo,AL POSTO DEL NOME VIA - SPOSTARE NOME VIA DALL'ALTRO LATO DELLA STRADA,"0",Segnaletica direzionale privata,IMG_1511
12.3499613834565,44.2806114985018,"333",,./0.png,"333",VIALE DUE GIUGNO   angolo II TRAVERSA PINETA VIA,Impianto a due pali,AL POSTO DEL NOME VIA,"0",Segnaletica direzionale privata,IMG_1514
12.3496168896024,44.2813751038774,"341",,./0.png,"341",VIALE DUE GIUGNO   angolo III TRAVERSA PINETA VIA,Impianto a due pali,AL POSTO DEL NOME VIA,"0",Segnaletica direzionale privata,IMG_1522
12.3496936568097,44.2814228713054,"338",,./0.png,"338",VIALE DUE GIUGNO   angolo III TRAVERSA PINETA VIA,Impianto a due pali,AL POSTO DEL NOME VIA RIMOSSO,"0",Segnaletica direzionale privata,IMG_1519
12.3496833431071,44.2814164252116,"774",,./1.png,"774",VIALE DUE GIUGNO   angolo III TRAVERSA PINETA  VIA,Transenna L90,5 + 1 ELEMENTI,"6",Transenne parapedonali,IMG_2132
12.3496122081125,44.2814093826634,"775",,./1.png,"775",VIALE DUE GIUGNO   angolo III TRAVERSA PINETA  VIA,Transenna L90,1 + 4 ELEMENTI,"5",Transenne parapedonali,IMG_2133
12.3496264487011,44.2813779991973,"776",,./1.png,"776",VIALE DUE GIUGNO   angolo III TRAVERSA PINETA  VIA,Transenna L90,2 + 2 ELEMENTI,"4",Transenne parapedonali,IMG_2134
12.3496997453328,44.2813841842924,"777",,./1.png,"777",VIALE DUE GIUGNO   angolo III TRAVERSA PINETA  VIA,Transenna L160,1 + 2 +1 ELEMENTI,"4",Transenne parapedonali,IMG_2135
12.3493272594551,44.2822387277841,"343",,./0.png,"343",VIALE DUE GIUGNO   angolo IV TRAVERSA PINETA VIA,Impianto a due pali,AL POSTO DEL NOME VIA,"0",Segnaletica direzionale privata,IMG_1524
12.349340919484,44.2831784049101,"347",,./3.png,"347",PIAZZALE TORINO    ,Turistico a libro,,"0",Impianto di servizio,IMG_1528
12.349302869063,44.2829175068314,"778",,./0.png,"778",PIAZZALE TORINO   angolo DUE GIUGNO  VIALE,Impianto a due pali,,"0",Segnaletica direzionale privata,IMG_2136
12.349169778799,44.2828316931379,"779",,./1.png,"779",VIALE DUE GIUGNO   angolo TORINO  PIAZZALE,Transenna L90,3 + 3 ELEMENTI,"6",Transenne parapedonali,IMG_2137
12.3491764701314,44.2832602485523,"780",,./1.png,"780",PIAZZALE TORINO   angolo DUE GIUGNO  VIALE,Transenna L160,8 ELEMENTI,"8",Transenne parapedonali,IMG_2139
12.3489402794929,44.283810266698,"459",,./0.png,"459",VIALE DUE GIUGNO   angolo VI TRAVERSA PINETA VIA,Impianto monopalo,AL POSTO DEL NOME VIA,"0",Segnaletica direzionale privata,IMG_1640
12.3487739125807,44.2844900365593,"460",,./0.png,"460",VIALE DUE GIUGNO   angolo VII TRAVERSA PINETA VIA,Impianto a due pali,AL POSTO DEL NOME VIA,"0",Segnaletica direzionale privata,IMG_1641
12.3486771606987,44.2845282084057,"463",,./0.png,"463",VIALE DUE GIUGNO   angolo VII TRAVERSA PINETA VIA,Impianto monopalo,AL POSTO DEL NOME VIA,"0",Segnaletica direzionale privata,IMG_1644
12.3486217786041,44.2852452139631,"465",,./0.png,"465",VIALE DUE GIUGNO   angolo VIII TRAVERSA PINETA VIA,Impianto a due pali,AL POSTO DEL NOME VIA,"0",Segnaletica direzionale privata,IMG_1646
12.3484611408615,44.2860161233568,"468",,./0.png,"468",VIALE DUE GIUGNO   angolo IX TRAVERSA PINETA VIA,Impianto monopalo,AL POSTO DEL NOME VIA,"0",Segnaletica direzionale privata,IMG_1649
12.3483595981241,44.2859992535947,"469",,./0.png,"469",VIALE DUE GIUGNO   angolo IX TRAVERSA PINETA VIA,Impianto monopalo,AL POSTO DEL NOME VIA,"0",Segnaletica direzionale privata,IMG_1650
12.3482956798494,44.2867800281386,"471",,./0.png,"471",VIALE DUE GIUGNO   angolo X TRAVERSA PINETA VIA,Impianto a due pali,AL POSTO DEL NOME VIA,"0",Segnaletica direzionale privata,IMG_1652
12.3481967034099,44.2867694348032,"472",,./0.png,"472",VIALE DUE GIUGNO   angolo X TRAVERSA PINETA VIA,Impianto monopalo,AL POSTO DEL NOME VIA,"0",Segnaletica direzionale privata,IMG_1653
12.3483738413703,44.2875518693558,"781",,./0.png,"781",VIALE ANELLO DEL PINO   angolo XI TRAVERSA PINETA  VIA,Impianto a due pali,AL POSTO DEL NOME VIA,"0",Segnaletica direzionale privata,IMG_2140
12.3480307232076,44.2890792419899,"782",,./0.png,"782",VIALE ANELLO DEL PINO   angolo XIII TRAVERSA PINETA  VIA,Impianto monopalo,AL POSTO DEL NOME VIA - SPOSTARE NOME VIA DALL'ALTRO LATO DELLA STRADA,"0",Segnaletica direzionale privata,IMG_2141
12.3475175299351,44.2911927995547,"783",,./0.png,"783",VIALE ANELLO DEL PINO   angolo XVI TRAVERSA PINETA  VIA,Impianto monopalo,AL POSTO DEL NOME VIA,"0",Segnaletica direzionale privata,IMG_2142
12.3473662093212,44.2918753013382,"478",,./0.png,"478",VIALE ANELLO DEL PINO   angolo XVII TRAVERSA PINETA VIA,Impianto monopalo,AL POSTO DEL NOME VIA - SPOSTARE NOME VIA DALL'ALTRO LATO DELLA STRADA,"0",Segnaletica direzionale privata,IMG_1659
12.3467496942408,44.2920363033564,"784",,./1.png,"784",VIALE DUE GIUGNO   angolo ANELLO DEL PINO  VIALE,Transenna L160,8 ELEMENTI,"8",Transenne parapedonali,IMG_2143
12.3482237072321,44.2872831443621,"785",,./1.png,"785",VIALE ANELLO DEL PINO   angolo DUE GIUGNO  VIALE,Transenna L160,4 ELEMENTI,"4",Transenne parapedonali,IMG_2144
12.3433562449388,44.2984622504711,"787",,./0.png,"787",VIALE MATTEOTTI   angolo XXV TRAVERSA PINETA  VIA,Segnaletica monopalo 100x20,,"0",Segnaletica direzionale privata,IMG_2146
12.3430414502148,44.2997323198438,"498",,./0.png,"498",VIALE MATTEOTTI   fronte BALDINI VIALE,Portale circuito alberghi,#NOME?,"0",Segnaletica direzionale privata,IMG_1679
12.3451576020688,44.2908642247439,"788",,./0.png,"788",VIALE MATTEOTTI   angolo XVI TRAVERSA PINETA  VIA,Impianto monopalo,AL POSTO DEL NOME VIA,"0",Segnaletica direzionale privata,IMG_2147
12.3453382244095,44.2901522832573,"502",,./0.png,"502",VIALE MATTEOTTI   angolo XV TRAVERSA PINETA VIA,Impianto monopalo,AL POSTO DEL NOME VIA,"0",Segnaletica direzionale privata,IMG_1683
12.3455635662808,44.2887101525717,"503",,./0.png,"503",VIALE MATTEOTTI   angolo XIII TRAVERSA PINETA VIA,Impianto monopalo,AL POSTO DEL NOME VIA - SPOSTARE NOME VIA DALL'ALTRO LATO DELLA STRADA,"0",Segnaletica direzionale privata,IMG_1684
12.3461950197697,44.2864398960287,"483",,./0.png,"483",VIALE MATTEOTTI   angolo X TRAVERSA PINETA VIA,Impianto monopalo,AL POSTO DEL NOME VIA,"0",Segnaletica direzionale privata,IMG_1664
12.3465424768072,44.2849687740716,"486",,./0.png,"486",VIALE MATTEOTTI   angolo VIII TRAVERSA PINETA VIA,Impianto a due pali,AL POSTO DEL NOME VIA,"0",Segnaletica direzionale privata,IMG_1667
12.3467030263084,44.2842542427671,"789",,./3.png,"789",PIAZZALE GENOVA    ,Turistico a libro,,"0",Impianto di servizio,IMG_2148
12.3468742011742,44.2835322536537,"489",,./0.png,"489",VIALE MATTEOTTI   Angolo VI TRAVERSA PINETA VIA,Impianto monopalo,AL POSTO DEL NOME VIA - INSTALLARE VICINO CORDOLO MARCIAPIEDE,"0",Segnaletica direzionale privata,IMG_1670
12.3472695218149,44.2819509491334,"353",,./0.png,"353",VIALE MATTEOTTI   angolo IV TRAVERSA PINETA VIA,Impianto monopalo,AL POSTO DEL NOME VIA,"0",Segnaletica direzionale privata,IMG_1534
12.3473213089757,44.2817731652394,"354",,./2.png,"354",VIALE MATTEOTTI Lato n.c. 52 quasi angolo NAPOLI PIAZZALE,Orologio 100x70,,"0",Orologio,IMG_1535
12.3475165221604,44.2811243103923,"357",,./3.png,"357",VIA III TRAVERSA PINETA   angolo MATTEOTTI VIALE,Turistico a libro,,"0",Impianto di servizio,IMG_1538
12.3473445081269,44.2811507943793,"358",,./0.png,"358",VIALE MATTEOTTI   angolo III TRAVERSA PINETA VIA,Impianto monopalo,AL POSTO DEL NOME VIA,"0",Segnaletica direzionale privata,IMG_1539
12.3474353006979,44.2811536887178,"790",,./1.png,"790",VIALE MATTEOTTI   angolo III TRAVERSA PINETA  VIA,Transenna L90,5 ELEMENTI,"5",Transenne parapedonali,IMG_2149
12.3473572530531,44.2811416866535,"791",,./1.png,"791",VIALE MATTEOTTI   angolo III TRAVERSA PINETA  VIA,Transenna L90,5 ELEMENTI,"5",Transenne parapedonali,IMG_2150
12.3473630392292,44.2811073755496,"792",,./1.png,"792",VIALE MATTEOTTI   angolo III TRAVERSA PINETA  VIA,Transenna L90,2 + 3 ELEMENTI,"5",Transenne parapedonali,IMG_2151
12.3474419649145,44.2811153819255,"793",,./1.png,"793",VIALE MATTEOTTI   angolo III TRAVERSA PINETA  VIA,Transenna L90,4 ELEMENTI,"4",Transenne parapedonali,IMG_2152
12.3476488114615,44.2803018305948,"363",,./0.png,"363",VIALE MATTEOTTI   angolo II TRAVERSA PINETA VIA,Impianto monopalo,AL POSTO DEL NOME VIA,"0",Segnaletica direzionale privata,IMG_1544
12.3478371200068,44.2794538873889,"365",,./0.png,"365",VIA I TRAVERSA PINETA   angolo MATTEOTTI VIALE,Impianto a due pali,AL POSTO DEL NOME VIA,"0",Segnaletica direzionale privata,IMG_1547
12.3478380199193,44.2794308354138,"366",,./0.png,"366",VIALE MATTEOTTI   angolo I TRAVERSA PINETA VIA,Impianto monopalo,AL POSTO DEL NOME VIA,"0",Segnaletica direzionale privata,IMG_1546
12.3045087853371,44.2913992035477,"794",,./0.png,"794",VIA SANTERNO   angolo RONCO VIA,Impianto a due pali,,"0",Segnaletica direzionale privata,IMG_2153
12.307223586193,44.2925583721685,"795",,./0.png,"795",VIA SANTERNO   quasi angolo ROMEA NORD  VIA,Impianto a due pali,,"0",Segnaletica direzionale privata,IMG_2154
12.3077307351932,44.2925539935515,"546",,./0.png,"546",VIA ROMEA NORD   angolo SANTERNO  VIA,Impianto a due pali,AL POSTO DELL'ESISTENTE,"0",Segnaletica direzionale privata,IMG_1730
12.3076805419897,44.29264437487,"796",,./0.png,"796",VIA ROMEA NORD   angolo SANTERNO  VIA,Impianto a due pali,,"0",Segnaletica direzionale privata,IMG_2156
12.3043767843156,44.2971411537731,"798",,./1.png,"798",VIA ROMEA NORD   angolo CAMANE VIA,Transenna L160,5 ELEMENTI,"5",Transenne parapedonali,IMG_2157
12.3042487613206,44.2969678026187,"799",,./1.png,"799",VIA ROMEA NORD   fronte CAMANE VIA,Transenna L160,5 ELEMENTI,"5",Transenne parapedonali,IMG_2158
12.3045785257415,44.2969931880963,"800",,./1.png,"800",VIA ROMEA NORD   angolo CAMANE VIA,Transenna L160,5 ELEMENTI,"5",Transenne parapedonali,IMG_2159
12.3152330072076,44.291920217897,"801",,./0.png,"801",VIA MORIGIA   quasi angolo GOIA  ROTONDA,Impianto a due pali,,"0",Segnaletica direzionale privata,IMG_2160
12.3153830560278,44.2938777942051,"535",,./0.png,"535",VIA ASCIONE   angolo ANSE VIE DELLE,Impianto a due pali,AL POSTO DELL'ESISTENTE,"0",Segnaletica direzionale privata,IMG_1718
12.3152010755131,44.2909802737113,"562",,./0.png,"562",VIA ASCIONE   quasi angolo GOIA  ROTONDA,Impianto a due pali,AL POSTO DELL'ESISTENTE,"0",Segnaletica direzionale privata,IMG_1754
12.3290437789381,44.278893752682,"802",,./1.png,"802",VIA ASCIONE   angolo GALENO  VIA,Transenna L160,5 ELEMENTI,"5",Transenne parapedonali,IMG_2163
12.3290399597495,44.2791781109656,"803",,./1.png,"803",VIA ASCIONE   fronte GALENO  VIA,Transenna L160,5 ELEMENTI,"5",Transenne parapedonali,IMG_2164
12.3282378088922,44.2791427563541,"804",,./0.png,"804",VIA ASCIONE   quasi angolo GALENO  VIA,Impianto a due pali,,"0",Segnaletica direzionale privata,IMG_2165
12.3287657000104,44.2785493358048,"805",,./0.png,"805",VIA GALENO   quasi angolo ASCIONE  VIA,Impianto monopalo,,"0",Segnaletica direzionale privata,IMG_2166
12.2773476484669,44.2566008199082,"806",,./0.png,"806",VIA STATALE SALARA Lato n.c. 35  ,Impianto a due pali,,"0",Segnaletica direzionale privata,IMG_2167
12.2629551253955,44.259998675778,"807",,./1.png,"807",VIA RAGAZZENA   angolo CASTIGLIONE VIA,Transenna L160,5 ELEMENTI,"5",Transenne parapedonali,IMG_2168
12.262949004039,44.2598082935103,"808",,./1.png,"808",VIA RAGAZZENA   angolo CASTIGLIONE VIA,Transenna L160,4 ELEMENTI,"4",Transenne parapedonali,IMG_2169
12.3478136342753,44.2794490185758,"809",,./1.png,"809",VIALE MATTEOTTI   angolo JELENIA GORA  VIA,Transenna L90,6 ELEMENTI,"6",Transenne parapedonali,IMG_2170
12.3478115640641,44.2794903665476,"810",,./1.png,"810",VIALE MATTEOTTI   angolo JELENIA GORA  VIA,Transenna L90,6 ELEMENTI,"6",Transenne parapedonali,IMG_2171
12.3477250973375,44.2794857576158,"811",,./1.png,"811",VIALE MATTEOTTI   angolo JELENIA GORA  VIA,Transenna L90,2 + 4 ELEMENTI,"6",Transenne parapedonali,IMG_2172
12.3477348453589,44.2794239377579,"812",,./1.png,"812",VIALE MATTEOTTI   angolo JELENIA GORA  VIA,Transenna L160,6 ELEMENTI,"6",Transenne parapedonali,IMG_2173
12.347870269436,44.2789094318648,"813",,./1.png,"813",VIALE MATTEOTTI   angolo ROMAGNA  VIALE,Transenna L90,4 ELEMENTI,"4",Transenne parapedonali,IMG_2174
12.3479370104283,44.2789170014277,"814",,./1.png,"814",VIALE MATTEOTTI   angolo ROMAGNA  VIALE,Transenna L160,4 ELEMENTI,"4",Transenne parapedonali,IMG_2175
12.3479326885616,44.2789576214858,"815",,./1.png,"815",VIALE MATTEOTTI   angolo ROMAGNA  VIALE,Transenna L90,5 ELEMENTI,"5",Transenne parapedonali,IMG_2176
12.3478570306949,44.2789487255783,"816",,./1.png,"816",VIALE MATTEOTTI   angolo ROMAGNA  VIALE,Transenna L90,4 ELEMENTI,"4",Transenne parapedonali,IMG_2177
12.3480762422264,44.2779251983587,"817",,./1.png,"817",VIALE MATTEOTTI   angolo ORTIGARA VIALETTO,Transenna L90,4 ELEMENTI,"4",Transenne parapedonali,IMG_2178
12.3480663588275,44.277965187631,"818",,./1.png,"818",VIALE MATTEOTTI   angolo ORTIGARA VIA,Transenna L90,4 ELEMENTI,"4",Transenne parapedonali,IMG_2179
12.3477390120317,44.2772808491421,"375",,./3.png,"375",VIALE RAVENNA   quasi angolo I MAGGIO ROTONDA,Turistico a libro,,"0",Impianto di servizio,IMG_1556
12.3478025764035,44.2772908939454,"819",,./1.png,"819",ROTONDA I MAGGIO   angolo RAVENNA  VIALE,Transenna L90,5 ELEMENTI,"5",Transenne parapedonali,IMG_2180
12.348139189859,44.2770690230132,"820",,./1.png,"820",ROTONDA I MAGGIO   angolo MILANO  VIALE,Transenna L90,9 ELEMENTI,"9",Transenne parapedonali,IMG_2181
12.3480562400555,44.2770873367057,"821",,./1.png,"821",ROTONDA I MAGGIO   angolo MILANO  VIALE,Transenna L160,6 ELEMENTI,"6",Transenne parapedonali,IMG_2182
12.3484908529059,44.2771119005673,"822",,./1.png,"822",ROTONDA I MAGGIO   angolo GRAMSCI  VIALE,Transenna L90,6 ELEMENTI,"6",Transenne parapedonali,IMG_2183
12.3484411809155,44.2770935086106,"823",,./1.png,"823",ROTONDA I MAGGIO   angolo GRAMSCI  VIALE,Transenna L90,7 ELEMENTI,"7",Transenne parapedonali,IMG_2184
12.3486671865764,44.2772782265355,"824",,./1.png,"824",ROTONDA I MAGGIO   angolo BOLOGNA  VIALE,Transenna L160,8 ELEMENTI,"8",Transenne parapedonali,IMG_2185
12.3486353007341,44.277222789349,"825",,./1.png,"825",ROTONDA I MAGGIO   angolo BOLOGNA  VIALE,Transenna L160,5 ELEMENTI,"5",Transenne parapedonali,IMG_2186
12.3486987984708,44.2774940567997,"826",,./0.png,"826",ROTONDA I MAGGIO   angolo FORLI'  VIALE,Impianto a due pali,,"0",Segnaletica direzionale privata,IMG_2187
12.3486798168499,44.2774906439466,"827",,./1.png,"827",ROTONDA I MAGGIO   angolo ,Transenna L90,10 ELEMENTI,"10",Transenne parapedonali,IMG_2188
12.3486889119476,44.2774562356523,"828",,./1.png,"828",ROTONDA I MAGGIO   angolo FORLI'  VIALE,Transenna L90,10 ELEMENTI,"10",Transenne parapedonali,IMG_2189
12.3481214031424,44.2777184294962,"829",,./0.png,"829",ROTONDA I MAGGIO   angolo MATTEOTTI  VIALE,Impianto a due pali,A SX DEL NOME VIA,"0",Segnaletica direzionale privata,IMG_2190
12.3481173271347,44.2777050513475,"830",,./1.png,"830",ROTONDA I MAGGIO   angolo MATTEOTTI  VIALE,Transenna L90,10 ELEMENTI,"10",Transenne parapedonali,IMG_2191
12.3481710072505,44.2777161799628,"831",,./1.png,"831",ROTONDA I MAGGIO   angolo MATTEOTTI  VIALE,Transenna L90,10 ELEMENTI,"10",Transenne parapedonali,IMG_2192
12.3461882544713,44.2769946499305,"832",,./1.png,"832",VIALE ROMAGNA   angolo RAVENNA  VIALE,Transenna L90,4 ELEMENTI,"4",Transenne parapedonali,IMG_2193
12.3462463017995,44.2770048573972,"833",,./1.png,"833",VIALE ROMAGNA   angolo RAVENNA  VIALE,Transenna L90,5 ELEMENTI,"5",Transenne parapedonali,IMG_2194
12.3462293470773,44.2770371140389,"834",,./1.png,"834",VIALE ROMAGNA   angolo RAVENNA  VIALE,Transenna L90,9 ELEMENTI,"9",Transenne parapedonali,IMG_2195
12.3478540060101,44.2759112246881,"835",,./1.png,"835",VIALE ROMAGNA   angolo MILANO  VIALE,Transenna L90,5 ELEMENTI,"5",Transenne parapedonali,IMG_2196
12.3478628334564,44.2759498709757,"836",,./1.png,"836",VIALE ROMAGNA   angolo MILANO  VIALE,Transenna L90,5 ELEMENTI,"5",Transenne parapedonali,IMG_2197
12.3503573194886,44.277750856062,"837",,./1.png,"837",VIALE FORLI'   angolo ROMAGNA  VIALE,Transenna L90,3 ELEMENTI,"3",Transenne parapedonali,IMG_2198
12.3503508378003,44.2777923336182,"838",,./1.png,"838",VIALE FORLI'   angolo ROMAGNA  VIALE,Transenna L90,8 ELEMENTI,"8",Transenne parapedonali,IMG_2199
12.3502926538248,44.2777797503041,"839",,./1.png,"839",VIALE FORLI'   angolo ROMAGNA  VIALE,Transenna L90,8 ELEMENTI,"8",Transenne parapedonali,IMG_2200
12.3503004643259,44.2777422036608,"840",,./1.png,"840",VIALE FORLI'   angolo ROMAGNA  VIALE,Transenna L90,4 ELEMENTI,"4",Transenne parapedonali,IMG_2201
12.3475440261885,44.2744335812289,"841",,./0.png,"841",VIALE MILANO   quasi angolo CHIESA VIALE,Impianto monopalo,,"0",Segnaletica direzionale privata,IMG_2202
12.3470913932889,44.2725746411855,"842",,./0.png,"842",VIALE MILANO   quasi angolo CARDUCCI VIALE,Impianto monopalo,,"0",Segnaletica direzionale privata,IMG_2203
12.3463296323721,44.2691637884611,"843",,./0.png,"843",VIALE MILANO   fronte LEOPARDI VIALE,Impianto a due pali,,"0",Segnaletica direzionale privata,IMG_2206
12.345877486439,44.2678955538924,"844",,./1.png,"844",VIALE MILANO   angolo GIOTTO VIA,Transenna L160,4 ELEMENTI,"4",Transenne parapedonali,IMG_2207
12.3460787075505,44.2678197824829,"845",,./1.png,"845",VIALE MILANO   angolo DEL BRAMANTE VIA,Transenna L160,4 ELEMENTI,"4",Transenne parapedonali,IMG_2208
12.3461194096505,44.267991677906,"846",,./1.png,"846",VIALE MILANO   angolo DEL BRAMANTE VIA,Transenna L160,4 ELEMENTI,"4",Transenne parapedonali,IMG_2209
12.3458893272354,44.2679873090946,"847",,./1.png,"847",VIALE MILANO   angolo GIOTTO VIA,Transenna L160,4 ELEMENTI,"4",Transenne parapedonali,IMG_2210
12.3480061057378,44.2735807809367,"848",,./1.png,"848",VIALE VITTORIO VENETO   angolo FILZI  VIALE,Transenna L160,4 ELEMENTI,"4",Transenne parapedonali,IMG_2211
12.3502538616627,44.2740475695523,"849",,./1.png,"849",VIALE GRAMSCI   angolo TOTI VIALE,Transenna L90,3 ELEMENTI,"3",Transenne parapedonali,IMG_2212
12.3497981110975,44.2748168245867,"435",,./0.png,"435",VIALE GRAMSCI   angolo LUIGI CADORNA  VIALE,Impianto monopalo,AL POSTO DEL NOME VIA,"0",Segnaletica direzionale privata,IMG_1616
12.3510146706334,44.2729104724257,"850",,./0.png,"850",VIA DANTE ALIGHIERI   angolo BARACCA  VIALE,Impianto monopalo,,"0",Segnaletica direzionale privata,IMG_2214
12.3642552834153,44.2344668244619,"851",,./0.png,"851",VIA SCAVI ARCHEOLOGICI   quasi angolo EUROPA UNITA  VIA,Impianto a due pali,AL POSTO DEL PANNELLO DI SERVIZIO,"0",Segnaletica direzionale privata,IMG_2215
12.3644891067413,44.2345438945583,"852",,./0.png,"852",VIA SCAVI ARCHEOLOGICI   quasi angolo EUROPA UNITA  VIA,Impianto a due pali,AL POSTO DEL PANNELLO DI SERVIZIO,"0",Segnaletica direzionale privata,IMG_2216
12.3770036295413,44.2212544109362,"853",,./0.png,"853",VIALE SICILIA Lato n.c. 12E fronte GARFAGNANA VIA,Portale circuito bagni,MONOPALO,"0",Segnaletica direzionale privata,IMG_2219
12.3816106171942,44.2246575777773,"854",,./2.png,"854",VIALE ITALIA   quasi angolo IRPINIA VIA,Orologio 100x70,,"0",Orologio,IMG_2220
12.3638758624516,44.2531532073548,"855",,./3.png,"855",LUNGOMARE DELEDDA   fronte FERRARA VIALETTO,Porta biciclette,AREA UTILE 600 CM,"0",Impianto di servizio,IMG_2221
12.3611985037194,44.2581294193807,"856",,./4.png,"856",LUNGOMARE DELEDDA Fronte n.c. 28 A  ,Portabiciclette 200x50,AREA UTILE 400 CM,"0",Portabiciclette,IMG_2222
12.3584494864595,44.2637168615805,"857",,./4.png,"857",LUNGOMARE DELEDDA    quasi fronte ROMA  VIALE,Portabiciclette 200x50,,"0",Portabiciclette,IMG_2223
12.3470879021334,44.2602645795218,"858",,./4.png,"858",VIA GUERRA    ,Portabiciclette 200x50,,"0",Portabiciclette,IMG_2224
12.3477619080267,44.2587024866545,"859",,./4.png,"859",VIALE DELLA STAZIONE   quasi angolo MARINI  ROTONDA,Portabiciclette 200x50,A 1 M DA RECINZIONE,"0",Portabiciclette,IMG_2226
12.3572163699282,44.2667604206645,"860",,./4.png,"860",LUNGOMARE D'ANNUNZIO    quasi fronte NAZARIO SAURO  VIA,Portabiciclette 200x50,,"0",Portabiciclette,IMG_2228
12.353909826375,44.2747051352572,"861",,./4.png,"861",LUNGOMARE MIMA   angolo TOTI VIALE,Portabiciclette 200x50,,"0",Portabiciclette,IMG_2229
12.3525895407092,44.2782372925374,"862",,./4.png,"862",LUNGOMARE MIMA   angolo FORLI'  VIALE,Portabiciclette 200x50,,"0",Portabiciclette,IMG_2230
12.3477921082371,44.2890656598298,"863",,./2.png,"863",VIALE ANELLO DEL PINO   angolo XIII TRAVERSA PINETA  VIA,Orologio 100x70,,"0",Orologio,IMG_2231
12.3425309527832,44.2635743091675,"864",,./2.png,"864",VIA ANGELINI   quasi angolo MAZZOTTI CARLI  VIA,Orologio 100x70,,"0",Orologio,IMG_2232
12.3749110328605,44.2339742325848,"12",,./0.png,"12",VIALE ITALIA   fronte LAZIO VIA,Portale circuito bagni,,"0",Segnaletica direzionale privata,IMG_1188
12.3573844152621,44.238951687593,"99",,./3.png,"99",ROTONDA DELLE IADI   angolo CADUTI PER LA LIBERTA' VIA,Impianto di servizio 90 x 135,VALUTARE RIMOZIONE,"0",Impianto di servizio,IMG_1276
12.3667544085201,44.2424247037495,"601",,./1.png,"601",VIALE TRITONE   angolo TITANO  VIALE,Transenna L160,4 ELEMENTI,"4",Transenne parapedonali,IMG_1919
12.343240235027,44.2234432837491,"636",,./0.png,"636",VIA DELL'INDUSTRIA Fronte n.c. 3  ,Impianto a due pali,,"0",Segnaletica direzionale privata,IMG_1966
